Type,Name,Request Count,Failure Count,Median Response Time,Average Response Time,Min Response Time,Max Response Time,Average Content Size,Requests/s,Failures/s,50%,66%,75%,80%,90%,95%,98%,99%,99.9%,99.99%,100%
POST,/benchmark/async,16,5,465000,571828.849378625,237323.55370100003,900005.9876770001,152.625,0.005332763310221517,0.001666488534444224,526000,670000,900000,900000,900000,900000,900000,900000,900000,900000,900000
POST,/benchmark/async [fixed],5,0,432000,498893.75792220014,243932.66631000006,881006.1379900003,198.2,0.001666488534444224,0.0,432000,575000,575000,881000,881000,881000,881000,881000,881000,881000,881000
POST,/benchmark/sync,8,7,900000,870752.4147053749,665983.881029,900009.5641990001,24.625,0.0026663816551107584,0.0023330839482219134,900000,900000,900000,900000,900000,900000,900000,900000,900000,900000,900000
POST,/benchmark/sync [fixed],3,2,900000,865237.4069366669,795705.1092320001,900004.5572830004,69.66666666666667,0.0009998931206665342,0.0006665954137776896,900000,900000,900000,900000,900000,900000,900000,900000,900000,900000,900000
,Aggregated,32,14,670000,662670.6849413124,237323.55370100003,900009.5641990001,119.96875,0.010665526620443034,0.004666167896443827,796000,900000,900000,900000,900000,900000,900000,900000,900000,900000,900000
